species,species_id_method,strain,isotype,previous_names,release,source_lab,latitude,longitude,landscape,locality_description,substrate,substrate_comments,substrate_temp,ambient_temp,ambient_humidity,associated_organism,inbreeding_state,sampled_by,isolated_by,sampling_date,sampling_date_comments,notes,set,issues,issue_notes,isotype_ref_strain,wgs_seq
Caenorhabditis elegans,ITS2,ECA2546,,S-12454,,ECA,-38.1505555555556,144.378888888889,Botanical_garden_or_zoo,,Rotting_nut/pod/seed/fruit,"",15.5,17.4,69.7,,,L. Stevens,C. Buchanan,2020-02-20,,Fulcrum collection 2020FebruaryAustralia,,,,,
Caenorhabditis elegans,ITS2,ECA2547,,S-12456,,ECA,-38.1505555555556,144.378888888889,Botanical_garden_or_zoo,,Rotting_nut/pod/seed/fruit,"",15.5,17.4,69.7,,,L. Stevens,C. Buchanan,2020-02-20,,Fulcrum collection 2020FebruaryAustralia,,,,,
Caenorhabditis elegans,ITS2,ECA2548,,S-12482,,ECA,-37.870154899999,144.9824148,Botanical_garden_or_zoo,,Rotting_nut/pod/seed/fruit,"",19,20.8,64.4,,,L. Stevens,C. Buchanan,2020-02-22,,Fulcrum collection 2020FebruaryAustralia,,,,,
Caenorhabditis elegans,ITS2,ECA2549,,S-12485,,ECA,-37.8699364,144.983881400002,Botanical_garden_or_zoo,,Rotting_nut/pod/seed/fruit,"",18,21.5,62.5,,,L. Stevens,C. Buchanan,2020-02-22,,Fulcrum collection 2020FebruaryAustralia,,,,,
Caenorhabditis elegans,ITS2,ECA2550,,S-12486,,ECA,-37.8699364,144.983881400002,Botanical_garden_or_zoo,,Rotting_nut/pod/seed/fruit,"",18,21.5,62.5,,,L. Stevens,C. Buchanan,2020-02-22,,Fulcrum collection 2020FebruaryAustralia,,,,,
Caenorhabditis elegans,ITS2,ECA2551,,S-12487,,ECA,-37.8699364,144.983881400002,Botanical_garden_or_zoo,,Rotting_nut/pod/seed/fruit,"",18,21.5,62.5,,,L. Stevens,C. Buchanan,2020-02-22,,Fulcrum collection 2020FebruaryAustralia,,,,,
Caenorhabditis elegans,ITS2,ECA2552,,S-12493,,ECA,-37.870154899999,144.9824148,Botanical_garden_or_zoo,,Rotting_nut/pod/seed/fruit,"",19,20.8,64.4,,,L. Stevens,C. Buchanan,2020-02-22,,Fulcrum collection 2020FebruaryAustralia,,,,,
Caenorhabditis elegans,ITS2,ECA2553,,S-12577,,ECA,-37.8699364,144.983881400002,Botanical_garden_or_zoo,,Rotting_nut/pod/seed/fruit,"",18,21.5,62.5,,,L. Stevens,C. Buchanan,2020-02-22,,Fulcrum collection 2020FebruaryAustralia,,,,,
Caenorhabditis elegans,ITS2,ECA2554,,S-12611,,ECA,-37.8700328,144.983856,Botanical_garden_or_zoo,,Rotting_nut/pod/seed/fruit,"",18,22.2,59.5,,,L. Stevens,C. Buchanan,2020-02-22,,Fulcrum collection 2020FebruaryAustralia,,,,,
Caenorhabditis elegans,ITS2,ECA2555,,S-12743,,ECA,-37.8700328,144.983856,Botanical_garden_or_zoo,,Rotting_nut/pod/seed/fruit,"",18,22.2,59.5,,,L. Stevens,C. Buchanan,2020-02-22,,Fulcrum collection 2020FebruaryAustralia,,,,,
Caenorhabditis elegans,ITS2,ECA2556,,S-12781,,ECA,-37.87,144.983611111111,Botanical_garden_or_zoo,,Rotting_nut/pod/seed/fruit,"",17.8,22.2,60.9,,,L. Stevens,C. Buchanan,2020-02-22,,Fulcrum collection 2020FebruaryAustralia,,,,,
Caenorhabditis elegans,ITS2,ECA2557,,S-12789,,ECA,-37.87,144.983611111111,Botanical_garden_or_zoo,,Rotting_nut/pod/seed/fruit,"",17.8,22.2,60.9,,,L. Stevens,C. Buchanan,2020-02-22,,Fulcrum collection 2020FebruaryAustralia,,,,,
Caenorhabditis elegans,ITS2,ECA2558,,S-12791,,ECA,-38.15,144.379166666667,Botanical_garden_or_zoo,,Rotting_flower,"",15.5,18.1,66.8,,,L. Stevens,C. Buchanan,2020-02-20,,Fulcrum collection 2020FebruaryAustralia,,,,,
Caenorhabditis elegans,ITS2,ECA2559,,S-12809,,ECA,-37.87,144.983611111111,Botanical_garden_or_zoo,,Rotting_nut/pod/seed/fruit,"",17.8,22.2,60.9,,,L. Stevens,C. Buchanan,2020-02-22,,Fulcrum collection 2020FebruaryAustralia,,,,,
Caenorhabditis elegans,ITS2,ECA2560,,S-12848,,ECA,-37.8244444444444,145.443333333333,Agricultural_land,,Rotting_nut/pod/seed/fruit,"",17.2,21.5,52.6,,,L. Stevens,C. Buchanan,2020-02-21,,Fulcrum collection 2020FebruaryAustralia,,,,,
Caenorhabditis elegans,ITS2,ECA2561,,S-12856,,ECA,-37.8269982999974,144.979856299999,Botanical_garden_or_zoo,,Rotting_flower,"",22.3,26.2,58.5,,,E. Andersen,C. Buchanan,2020-02-16,,Fulcrum collection 2020FebruaryAustralia,,,,,
Caenorhabditis elegans,ITS2,ECA2562,,S-12882,,ECA,-37.8247222222222,145.442777777778,Agricultural_land,,Rotting_nut/pod/seed/fruit,"",19.4,21.5,57,,,L. Stevens,C. Buchanan,2020-02-21,,Fulcrum collection 2020FebruaryAustralia,,,,,
Caenorhabditis elegans,ITS2,ECA2563,,S-12883,,ECA,-37.8247222222222,145.442777777778,Agricultural_land,,Rotting_nut/pod/seed/fruit,"",19.4,21.5,57,,,L. Stevens,C. Buchanan,2020-02-21,,Fulcrum collection 2020FebruaryAustralia,,,,,
Caenorhabditis elegans,ITS2,ECA2564,,S-12884,,ECA,-37.8247222222222,145.442777777778,Agricultural_land,,Rotting_nut/pod/seed/fruit,"",19.4,21.5,57,,,L. Stevens,C. Buchanan,2020-02-21,,Fulcrum collection 2020FebruaryAustralia,,,,,
Caenorhabditis elegans,ITS2,ECA2565,,S-12892,,ECA,-37.8247222222222,145.442777777778,Agricultural_land,,Rotting_nut/pod/seed/fruit,"",19.4,21.5,57,,,L. Stevens,C. Buchanan,2020-02-21,,Fulcrum collection 2020FebruaryAustralia,,,,,
Caenorhabditis elegans,ITS2,ECA2566,,S-12898,,ECA,-37.8247222222222,145.442777777778,Agricultural_land,,Rotting_nut/pod/seed/fruit,"",19.4,21.5,57,,,L. Stevens,C. Buchanan,2020-02-21,,Fulcrum collection 2020FebruaryAustralia,,,,,
Caenorhabditis elegans,ITS2,ECA2567,,S-12899,,ECA,-37.8247222222222,145.442777777778,Agricultural_land,,Rotting_nut/pod/seed/fruit,"",19.4,21.5,57,,,L. Stevens,C. Buchanan,2020-02-21,,Fulcrum collection 2020FebruaryAustralia,,,,,
Caenorhabditis elegans,ITS2,ECA2568,,S-12902,,ECA,-37.8223452,144.973652200002,Botanical_garden_or_zoo,,Vegetal_litter/mix,In tree nook,20,24.2,61.8,,,E. Andersen,C. Buchanan,2020-02-16,,Fulcrum collection 2020FebruaryAustralia,,,,,
Caenorhabditis elegans,ITS2,ECA2569,,S-12904,,ECA,-37.8223452,144.973652200002,Botanical_garden_or_zoo,,Vegetal_litter/mix,In tree nook,20,24.2,61.8,,,E. Andersen,C. Buchanan,2020-02-16,,Fulcrum collection 2020FebruaryAustralia,,,,,
Caenorhabditis elegans,ITS2,ECA2570,,S-12905,,ECA,-37.8269982999974,144.979856299999,Botanical_garden_or_zoo,,Rotting_flower,"",22.3,26.2,58.5,,,E. Andersen,C. Buchanan,2020-02-16,,Fulcrum collection 2020FebruaryAustralia,,,,,
Caenorhabditis elegans,ITS2,ECA2571,,S-12927,,ECA,-37.8253099000011,144.976829899999,Botanical_garden_or_zoo,,Vegetal_litter/mix,Millipedes,19.5,24.9,67,,,E. Andersen,C. Buchanan,2020-02-16,,Fulcrum collection 2020FebruaryAustralia,,,,,
Caenorhabditis elegans,ITS2,ECA2572,,S-12929,,ECA,-37.8253099000011,144.976829899999,Botanical_garden_or_zoo,,Vegetal_litter/mix,Millipedes,19.5,24.9,67,,,E. Andersen,C. Buchanan,2020-02-16,,Fulcrum collection 2020FebruaryAustralia,,,,,
Caenorhabditis elegans,ITS2,ECA2573,,S-12941,,ECA,-37.8253099000011,144.976829899999,Botanical_garden_or_zoo,,Vegetal_litter/mix,Millipedes,19.5,24.9,67,,,E. Andersen,C. Buchanan,2020-02-16,,Fulcrum collection 2020FebruaryAustralia,,,,,
Caenorhabditis elegans,ITS2,ECA2574,,S-12945,,ECA,-37.8223076923077,144.973591400002,Botanical_garden_or_zoo,,Rotting_nut/pod/seed/fruit,"",21.2,25.6,57.4,,,E. Andersen,C. Buchanan,2020-02-16,,Fulcrum collection 2020FebruaryAustralia,,,,,
Caenorhabditis elegans,ITS2,ECA2575,,S-12946,,ECA,-37.8223076923077,144.973591400002,Botanical_garden_or_zoo,,Rotting_nut/pod/seed/fruit,"",21.2,25.6,57.4,,,E. Andersen,C. Buchanan,2020-02-16,,Fulcrum collection 2020FebruaryAustralia,,,,,
Caenorhabditis elegans,ITS2,ECA2576,,S-12948,,ECA,-37.8223452,144.973652200002,Botanical_garden_or_zoo,,Vegetal_litter/mix,In tree nook,20,24.2,61.8,,,E. Andersen,C. Buchanan,2020-02-16,,Fulcrum collection 2020FebruaryAustralia,,,,,
Caenorhabditis elegans,ITS2,ECA2577,,S-12950,,ECA,-37.8223076923077,144.973591400002,Botanical_garden_or_zoo,,Rotting_nut/pod/seed/fruit,"",21.2,25.6,57.4,,,E. Andersen,C. Buchanan,2020-02-16,,Fulcrum collection 2020FebruaryAustralia,,,,,
Caenorhabditis elegans,ITS2,ECA2578,,S-12952,,ECA,-37.8223076923077,144.973591400002,Botanical_garden_or_zoo,,Rotting_nut/pod/seed/fruit,"",21.2,25.6,57.4,,,E. Andersen,C. Buchanan,2020-02-16,,Fulcrum collection 2020FebruaryAustralia,,,,,
Caenorhabditis elegans,ITS2,ECA2579,,S-12953,,ECA,-37.8269982999974,144.979856299999,Botanical_garden_or_zoo,,Rotting_flower,"",22.3,26.2,58.5,,,E. Andersen,C. Buchanan,2020-02-16,,Fulcrum collection 2020FebruaryAustralia,,,,,
Caenorhabditis elegans,ITS2,ECA2580,,S-12954,,ECA,-37.8269982999974,144.979856299999,Botanical_garden_or_zoo,,Rotting_flower,"",22.3,26.2,58.5,,,E. Andersen,C. Buchanan,2020-02-16,,Fulcrum collection 2020FebruaryAustralia,,,,,
Caenorhabditis elegans,ITS2,ECA2581,,S-12957,,ECA,-37.8253099000011,144.976829899999,Botanical_garden_or_zoo,,Vegetal_litter/mix,Millipedes,19.5,24.9,67,,,E. Andersen,C. Buchanan,2020-02-16,,Fulcrum collection 2020FebruaryAustralia,,,,,
Caenorhabditis elegans,ITS2,ECA2582,,S-12960,,ECA,-38.1505555555556,144.378888888889,Botanical_garden_or_zoo,,Rotting_nut/pod/seed/fruit,"",15.5,17.4,69.7,,,L. Stevens,C. Buchanan,2020-02-20,,Fulcrum collection 2020FebruaryAustralia,,,,,
Caenorhabditis elegans,ITS2,ECA2583,,S-13023,,ECA,-38.15,144.378888888889,Botanical_garden_or_zoo,,Rotting_flower,"",18.7,18.8,67.6,,,L. Stevens,N. Roberto,2020-02-20,,Fulcrum collection 2020FebruaryAustralia,,,,,
Caenorhabditis elegans,ITS2,ECA2584,,S-13024,,ECA,-38.15,144.378888888889,Botanical_garden_or_zoo,,Rotting_flower,"",18.7,18.8,67.6,,,L. Stevens,N. Roberto,2020-02-20,,Fulcrum collection 2020FebruaryAustralia,,,,,
Caenorhabditis elegans,ITS2,ECA2585,,S-13032,,ECA,-37.8700054,144.9841456,Botanical_garden_or_zoo,,Rotting_nut/pod/seed/fruit,"",17.8,20.8,63.4,,,L. Stevens,R. Tanny,2020-02-22,,Fulcrum collection 2020FebruaryAustralia,,,,,
Caenorhabditis elegans,ITS2,ECA2586,,S-13036,,ECA,-38.15,144.378888888889,Botanical_garden_or_zoo,,Rotting_flower,"",18.7,18.8,67.6,,,L. Stevens,N. Roberto,2020-02-20,,Fulcrum collection 2020FebruaryAustralia,,,,,
Caenorhabditis elegans,ITS2,ECA2589,,S-13042,,ECA,-37.8330555555556,144.979722222222,Botanical_garden_or_zoo,,Rotting_nut/pod/seed/fruit,Ficus platypoda,20.5,27.6,57.5,,,L. Stevens,C. Buchanan,2020-02-16,,Fulcrum collection 2020FebruaryAustralia,,,,,
Caenorhabditis elegans,ITS2,ECA2590,,S-13044,,ECA,-37.8327777777778,144.979722222222,Botanical_garden_or_zoo,,Rotting_flower,"",22.1,27.6,54.1,,,L. Stevens,L. Stevens,2020-02-16,,Fulcrum collection 2020FebruaryAustralia,,,,,
Caenorhabditis elegans,ITS2,ECA2591,,S-13054,,ECA,-37.8330555555556,144.979722222222,Botanical_garden_or_zoo,,Rotting_nut/pod/seed/fruit,Ficus platypoda,20.5,27.6,57.5,,,L. Stevens,C. Buchanan,2020-02-16,,Fulcrum collection 2020FebruaryAustralia,,,,,
Caenorhabditis elegans,ITS2,ECA2592,,S-13055,,ECA,-37.8330555555556,144.979722222222,Botanical_garden_or_zoo,,Rotting_nut/pod/seed/fruit,Ficus platypoda,20.5,27.6,57.5,,,L. Stevens,C. Buchanan,2020-02-16,,Fulcrum collection 2020FebruaryAustralia,,,,,
Caenorhabditis elegans,ITS2,ECA2593,,S-13056,,ECA,-37.8327777777778,144.979722222222,Botanical_garden_or_zoo,,Rotting_flower,"",22.1,27.6,54.1,,,L. Stevens,L. Stevens,2020-02-16,,Fulcrum collection 2020FebruaryAustralia,,,,,
Caenorhabditis elegans,ITS2,ECA2594,,S-13063,,ECA,-37.8330555555556,144.979722222222,Botanical_garden_or_zoo,,Rotting_nut/pod/seed/fruit,Ficus platypoda,20.5,27.6,57.5,,,L. Stevens,C. Buchanan,2020-02-16,,Fulcrum collection 2020FebruaryAustralia,,,,,
Caenorhabditis elegans,ITS2,ECA2595,,S-13069,,ECA,-37.8327777777778,144.979722222222,Botanical_garden_or_zoo,,Rotting_flower,"",22.1,27.6,54.1,,,L. Stevens,L. Stevens,2020-02-16,,Fulcrum collection 2020FebruaryAustralia,,,,,
Caenorhabditis elegans,ITS2,ECA2596,,S-13070,,ECA,-38.15,144.378888888889,Botanical_garden_or_zoo,,Rotting_flower,"",18.7,18.8,67.6,,,L. Stevens,N. Roberto,2020-02-20,,Fulcrum collection 2020FebruaryAustralia,,,,,
Caenorhabditis elegans,ITS2,ECA2597,,S-13071,,ECA,-38.15,144.378888888889,Botanical_garden_or_zoo,,Rotting_flower,"",18.7,18.8,67.6,,,L. Stevens,N. Roberto,2020-02-20,,Fulcrum collection 2020FebruaryAustralia,,,,,
Caenorhabditis elegans,ITS2,ECA2598,,S-13081,,ECA,-37.8223565999978,144.973675800003,Botanical_garden_or_zoo,,Vegetal_litter/mix,Under previous sample,21.5,25.6,59.1,,,E. Andersen,L. Stevens,2020-02-16,,Fulcrum collection 2020FebruaryAustralia,,,,,
Caenorhabditis elegans,ITS2,ECA2599,,S-13082,,ECA,-37.8223565999978,144.973675800003,Botanical_garden_or_zoo,,Vegetal_litter/mix,Under previous sample,21.5,25.6,59.1,,,E. Andersen,L. Stevens,2020-02-16,,Fulcrum collection 2020FebruaryAustralia,,,,,
Caenorhabditis elegans,ITS2,ECA2600,,S-13083,,ECA,-37.8223565999978,144.973675800003,Botanical_garden_or_zoo,,Vegetal_litter/mix,Under previous sample,21.5,25.6,59.1,,,E. Andersen,L. Stevens,2020-02-16,,Fulcrum collection 2020FebruaryAustralia,,,,,
Caenorhabditis elegans,ITS2,ECA2601,,S-13100,,ECA,-37.8223565999978,144.973675800003,Botanical_garden_or_zoo,,Vegetal_litter/mix,Under previous sample,21.5,25.6,59.1,,,E. Andersen,L. Stevens,2020-02-16,,Fulcrum collection 2020FebruaryAustralia,,,,,
Caenorhabditis elegans,ITS2,ECA2602,,S-13117,,ECA,-37.8222222222222,144.973611111111,Botanical_garden_or_zoo,,Rotting_nut/pod/seed/fruit,"",22.2,26.2,56.9,,,L. Stevens,C. Buchanan,2020-02-16,,Fulcrum collection 2020FebruaryAustralia,,,,,
Caenorhabditis elegans,ITS2,ECA2603,,S-13132,,ECA,-37.8222222222222,144.973611111111,Botanical_garden_or_zoo,,Rotting_nut/pod/seed/fruit,"",22.2,26.2,56.9,,,L. Stevens,C. Buchanan,2020-02-16,,Fulcrum collection 2020FebruaryAustralia,,,,,
Caenorhabditis briggsae,ITS2,ECA2604,,S-13186,,ECA,-26.6212871577839,152.692734114968,Forest,,Rotting_nut/pod/seed/fruit,"",,,,,,M. Rockman,C. Buchanan,2020-02-26,,Fulcrum collection 2020FebruaryAustralia,,,,,
Caenorhabditis elegans,ITS2,ECA2605,,S-13194,,ECA,-37.8327777777778,144.979722222222,Botanical_garden_or_zoo,,Rotting_flower,"",22.1,27.6,54.1,,,L. Stevens,L. Stevens,2020-02-16,,Fulcrum collection 2020FebruaryAustralia,,,,,
Caenorhabditis elegans,ITS2,ECA2606,,S-13197,,ECA,-37.8330555555556,144.979722222222,Botanical_garden_or_zoo,,Rotting_nut/pod/seed/fruit,Ficus platypoda,20.5,27.6,57.5,,,L. Stevens,C. Buchanan,2020-02-16,,Fulcrum collection 2020FebruaryAustralia,,,,,
Caenorhabditis elegans,ITS2,ECA2607,,S-13222,,ECA,-37.825658,144.977091800002,Botanical_garden_or_zoo,,Rotting_flower,"",23.3,26.2,59.3,,,E. Andersen,R. Tanny,2020-02-16,,Fulcrum collection 2020FebruaryAustralia,,,,,
Caenorhabditis elegans,ITS2,ECA2608,,S-13240,,ECA,-37.8700054,144.9841456,Botanical_garden_or_zoo,,Rotting_nut/pod/seed/fruit,"",17.8,20.8,63.4,,,L. Stevens,R. Tanny,2020-02-22,,Fulcrum collection 2020FebruaryAustralia,,,,,
Caenorhabditis elegans,ITS2,ECA2609,,S-13269,,ECA,-38.15,144.379166666667,Botanical_garden_or_zoo,,Rotting_flower,"",15.6,18.3,65.3,,,L. Stevens,N. Roberto,2020-02-20,,Fulcrum collection 2020FebruaryAustralia,,,,,
Caenorhabditis elegans,ITS2,ECA2610,,S-13270,,ECA,-38.15,144.379166666667,Botanical_garden_or_zoo,,Rotting_flower,"",15.6,18.3,65.3,,,L. Stevens,N. Roberto,2020-02-20,,Fulcrum collection 2020FebruaryAustralia,,,,,
Caenorhabditis elegans,ITS2,ECA2611,,S-13280,,ECA,-37.8274278000024,144.980163,Botanical_garden_or_zoo,,Rotting_nut/pod/seed/fruit,Figs,21.4,26.2,58.9,,,E. Andersen,L. Stevens,2020-02-16,,Fulcrum collection 2020FebruaryAustralia,,,,,
Caenorhabditis elegans,ITS2,ECA2612,,S-13282,,ECA,-37.8274278000024,144.980163,Botanical_garden_or_zoo,,Rotting_nut/pod/seed/fruit,Figs,21.4,26.2,58.9,,,E. Andersen,L. Stevens,2020-02-16,,Fulcrum collection 2020FebruaryAustralia,,,,,
Caenorhabditis briggsae,ITS2,ECA2613,,S-13407,,ECA,-26.6213395,152.692380893505,Forest,,Rotting_nut/pod/seed/fruit,"",26.1,,,,,E. Andersen,C. Buchanan,2020-02-26,,Fulcrum collection 2020FebruaryAustralia,,,,,
Caenorhabditis briggsae,ITS2,ECA2614,,S-13412,,ECA,-26.6213395,152.692380893505,Forest,,Rotting_nut/pod/seed/fruit,"",26.1,,,,,E. Andersen,C. Buchanan,2020-02-26,,Fulcrum collection 2020FebruaryAustralia,,,,,
Caenorhabditis elegans,ITS2,ECA2615,,S-13424,,ECA,-37.8244444444444,145.443333333333,Agricultural_land,,Rotting_nut/pod/seed/fruit,"",23.3,24.3,55.9,,,L. Stevens,R. Tanny,2020-02-21,,Fulcrum collection 2020FebruaryAustralia,,,,,
Caenorhabditis briggsae,ITS2,ECA2617,,S-13500,,ECA,-26.2621444444445,152.829552777778,Forest,,Rotting_nut/pod/seed/fruit,"",,,,,,M. Rockman,C. Buchanan,2020-02-25,,Fulcrum collection 2020FebruaryAustralia,,,,,
Caenorhabditis briggsae,ITS2,ECA2618,,S-13508,,ECA,-26.2619772,152.8296094,Forest,,Rotting_nut/pod/seed/fruit,"",23.6,,,,,E. Andersen,C. Buchanan,2020-02-25,,Fulcrum collection 2020FebruaryAustralia,,,,,
Caenorhabditis briggsae,ITS2,ECA2619,,S-13510,,ECA,-26.6275648,152.840982200002,Forest,,Rotting_nut/pod/seed/fruit,"",24.4,,,,,E. Andersen,L. Stinson,2020-02-26,,Fulcrum collection 2020FebruaryAustralia,,,,,
Caenorhabditis briggsae,ITS2,ECA2620,,S-13511,,ECA,-26.6275648,152.840982200002,Forest,,Rotting_nut/pod/seed/fruit,"",24.4,,,,,E. Andersen,L. Stinson,2020-02-26,,Fulcrum collection 2020FebruaryAustralia,,,,,
Caenorhabditis briggsae,ITS2,ECA2621,,S-13512,,ECA,-26.6275648,152.840982200002,Forest,,Rotting_nut/pod/seed/fruit,"",24.4,,,,,E. Andersen,L. Stinson,2020-02-26,,Fulcrum collection 2020FebruaryAustralia,,,,,
Caenorhabditis briggsae,ITS2,ECA2622,,S-13529,,ECA,-26.6298145009416,152.841386138614,Forest,,Rotting_nut/pod/seed/fruit,Picabeen palm nuts,24.5,,,,,E. Andersen,C. Buchanan,2020-02-26,,Fulcrum collection 2020FebruaryAustralia,,,,,
Caenorhabditis briggsae,ITS2,ECA2624,,S-13555,,ECA,-26.2621444444445,152.829552777778,Forest,,Rotting_nut/pod/seed/fruit,"",,,,,,M. Rockman,C. Buchanan,2020-02-25,,Fulcrum collection 2020FebruaryAustralia,,,,,
Caenorhabditis briggsae,ITS2,ECA2625,,S-13558,,ECA,-26.6228223,152.6905986,Forest,,Rotting_flower,"",26,,,,,E. Andersen,C. Buchanan,2020-02-26,,Fulcrum collection 2020FebruaryAustralia,,,,,
Caenorhabditis briggsae,ITS2,ECA2626,,S-13578,,ECA,-26.6222138888889,152.691005555556,Forest,,Rotting_nut/pod/seed/fruit,Stinging tree fruit,28.1,,,,,M. Rockman,L. Stinson,2020-02-26,,Fulcrum collection 2020FebruaryAustralia,,,,,
Caenorhabditis briggsae,ITS2,ECA2627,,S-13579,,ECA,-26.6222138888889,152.691005555556,Forest,,Rotting_nut/pod/seed/fruit,Stinging tree fruit,28.1,,,,,M. Rockman,L. Stinson,2020-02-26,,Fulcrum collection 2020FebruaryAustralia,,,,,
Caenorhabditis briggsae,ITS2,ECA2628,,S-13590,,ECA,-26.6275648,152.840982200002,Forest,,Rotting_nut/pod/seed/fruit,"",24.4,,,,,E. Andersen,L. Stinson,2020-02-26,,Fulcrum collection 2020FebruaryAustralia,,,,,
Caenorhabditis briggsae,ITS2,ECA2629,,S-13598,,ECA,-26.6298145009416,152.841386138614,Forest,,Rotting_nut/pod/seed/fruit,Picabeen palm nuts,24.5,,,,,E. Andersen,C. Buchanan,2020-02-26,,Fulcrum collection 2020FebruaryAustralia,,,,,
Caenorhabditis briggsae,ITS2,ECA2630,,S-13599,,ECA,-26.6298145009416,152.841386138614,Forest,,Rotting_nut/pod/seed/fruit,Picabeen palm nuts,24.5,,,,,E. Andersen,C. Buchanan,2020-02-26,,Fulcrum collection 2020FebruaryAustralia,,,,,
Caenorhabditis briggsae,ITS2,ECA2631,,S-13605,,ECA,-26.6298145009416,152.841386138614,Forest,,Rotting_nut/pod/seed/fruit,Picabeen palm nuts,24.5,,,,,E. Andersen,C. Buchanan,2020-02-26,,Fulcrum collection 2020FebruaryAustralia,,,,,
Caenorhabditis briggsae,ITS2,ECA2632,,S-13614,,ECA,-26.6228223,152.6905986,Forest,,Rotting_flower,"",26,,,,,E. Andersen,C. Buchanan,2020-02-26,,Fulcrum collection 2020FebruaryAustralia,,,,,
Caenorhabditis briggsae,ITS2,ECA2633,,S-13640,,ECA,-21.1684611111111,148.507919444444,Forest,,Rotting_nut/pod/seed/fruit,"",22.1,,,,,M. Rockman,C. Buchanan,2020-02-23,,Fulcrum collection 2020FebruaryAustralia,,,,,
Caenorhabditis briggsae,ITS2,ECA2634,,S-13682,,ECA,-26.3674836,152.585245098039,Forest,,Rotting_nut/pod/seed/fruit,"",26.9,,,,,E. Andersen,L. Stinson,2020-02-26,,Fulcrum collection 2020FebruaryAustralia,,,,,
Caenorhabditis briggsae,ITS2,ECA2635,,S-13683,,ECA,-26.3674836,152.585245098039,Forest,,Rotting_nut/pod/seed/fruit,"",26.9,,,,,E. Andersen,L. Stinson,2020-02-26,,Fulcrum collection 2020FebruaryAustralia,,,,,
Caenorhabditis briggsae,ITS2,ECA2636,,S-13684,,ECA,-26.3674836,152.585245098039,Forest,,Rotting_nut/pod/seed/fruit,"",26.9,,,,,E. Andersen,L. Stinson,2020-02-26,,Fulcrum collection 2020FebruaryAustralia,,,,,
Caenorhabditis briggsae,ITS2,ECA2637,,S-13706,,ECA,-26.3674836,152.585245098039,Forest,,Rotting_nut/pod/seed/fruit,"",26.9,,,,,E. Andersen,L. Stinson,2020-02-26,,Fulcrum collection 2020FebruaryAustralia,,,,,
Caenorhabditis briggsae,ITS2,ECA2638,,S-13721,,ECA,-21.1684611111111,148.507919444444,Forest,,Rotting_nut/pod/seed/fruit,"",22.1,,,,,M. Rockman,C. Buchanan,2020-02-23,,Fulcrum collection 2020FebruaryAustralia,,,,,
Caenorhabditis briggsae,ITS2,ECA2639,,S-13746,,ECA,-26.2620486111111,152.829424899999,Forest,,Rotting_nut/pod/seed/fruit,"",23.3,,,,,E. Andersen,R. Tanny,2020-02-25,,Fulcrum collection 2020FebruaryAustralia,,,,,
Caenorhabditis briggsae,ITS2,ECA2640,,S-13805,,ECA,-26.2620486111111,152.829424899999,Forest,,Rotting_nut/pod/seed/fruit,"",23.3,,,,,E. Andersen,R. Tanny,2020-02-25,,Fulcrum collection 2020FebruaryAustralia,,,,,
Caenorhabditis elegans,ITS2,ECA2641,,S-13806,,ECA,-26.8729694444444,151.579977777778,Forest,,Rotting_nut/pod/seed/fruit,"",,,,,,M. Rockman,R. Tanny,2020-02-27,,Fulcrum collection 2020FebruaryAustralia,,,,,
Caenorhabditis elegans,ITS2,ECA2642,,S-13808,,ECA,-26.8729694444444,151.579977777778,Forest,,Rotting_nut/pod/seed/fruit,"",,,,,,M. Rockman,R. Tanny,2020-02-27,,Fulcrum collection 2020FebruaryAustralia,,,,,
Caenorhabditis elegans,ITS2,ECA2643,,S-13836,,ECA,-24.413325,151.039533333333,Forest,,Rotting_nut/pod/seed/fruit,"",,,,,,M. Rockman,N. Roberto,2020-02-25,,Fulcrum collection 2020FebruaryAustralia,,,,,
Caenorhabditis elegans,ITS2,ECA2644,,S-13837,,ECA,-26.8729694444444,151.579977777778,Forest,,Rotting_nut/pod/seed/fruit,"",,,,,,M. Rockman,R. Tanny,2020-02-27,,Fulcrum collection 2020FebruaryAustralia,,,,,
Caenorhabditis elegans,ITS2,ECA2645,,S-13870,,ECA,-26.6222138888889,152.691005555556,Forest,,Rotting_nut/pod/seed/fruit,Stinging tree fruit,28.1,,,,,M. Rockman,L. Stinson,2020-02-26,,Fulcrum collection 2020FebruaryAustralia,,,,,
Caenorhabditis briggsae,ITS2,ECA2646,,S-13933,,ECA,-21.1683872,148.5075834,Forest,,Rotting_nut/pod/seed/fruit,"",21.6,,,,,E. Andersen,C. Buchanan,2020-02-23,,Fulcrum collection 2020FebruaryAustralia,,,,,
Caenorhabditis briggsae,ITS2,ECA2647,,S-13936,,ECA,-21.1683872,148.5075834,Forest,,Rotting_nut/pod/seed/fruit,"",21.6,,,,,E. Andersen,C. Buchanan,2020-02-23,,Fulcrum collection 2020FebruaryAustralia,,,,,
Caenorhabditis elegans,ITS2,ECA2648,,S-12496,,ECA,-37.870154899999,144.9824148,Botanical_garden_or_zoo,,Rotting_nut/pod/seed/fruit,"",19,20.8,64.4,,,L. Stevens,C. Buchanan,2020-02-22,,Fulcrum collection 2020FebruaryAustralia,,,,,
Caenorhabditis elegans,ITS2,ECA2649,,S-12581,,ECA,-37.8699364,144.983881400002,Botanical_garden_or_zoo,,Rotting_nut/pod/seed/fruit,"",18,21.5,62.5,,,L. Stevens,C. Buchanan,2020-02-22,,Fulcrum collection 2020FebruaryAustralia,,,,,
Caenorhabditis elegans,ITS2,ECA2650,,S-12903,,ECA,-37.8223452,144.973652200002,Botanical_garden_or_zoo,,Vegetal_litter/mix,In tree nook,20,24.2,61.8,,,E. Andersen,C. Buchanan,2020-02-16,,Fulcrum collection 2020FebruaryAustralia,,,,,
Caenorhabditis elegans,ITS2,ECA2651,,S-12914,,ECA,-37.8269982999974,144.979856299999,Botanical_garden_or_zoo,,Rotting_flower,"",22.3,26.2,58.5,,,E. Andersen,C. Buchanan,2020-02-16,,Fulcrum collection 2020FebruaryAustralia,,,,,
Caenorhabditis elegans,ITS2,ECA2652,,S-13062,,ECA,-37.8330555555556,144.979722222222,Botanical_garden_or_zoo,,Rotting_nut/pod/seed/fruit,Ficus platypoda,20.5,27.6,57.5,,,L. Stevens,C. Buchanan,2020-02-16,,Fulcrum collection 2020FebruaryAustralia,,,,,
Caenorhabditis elegans,ITS2,ECA2653,,S-13068,,ECA,-37.8327777777778,144.979722222222,Botanical_garden_or_zoo,,Rotting_flower,"",22.1,27.6,54.1,,,L. Stevens,L. Stevens,2020-02-16,,Fulcrum collection 2020FebruaryAustralia,,,,,
Caenorhabditis elegans,ITS2,ECA2654,,S-13118,,ECA,-37.8222222222222,144.973611111111,Botanical_garden_or_zoo,,Rotting_nut/pod/seed/fruit,"",22.2,26.2,56.9,,,L. Stevens,C. Buchanan,2020-02-16,,Fulcrum collection 2020FebruaryAustralia,,,,,
Caenorhabditis elegans,ITS2,ECA2656,,S-13224,,ECA,-37.825658,144.977091800002,Botanical_garden_or_zoo,,Rotting_flower,"",23.3,26.2,59.3,,,E. Andersen,R. Tanny,2020-02-16,,Fulcrum collection 2020FebruaryAustralia,,,,,
Caenorhabditis elegans,ITS2,ECA2657,,S-13239,,ECA,-37.8700054,144.9841456,Botanical_garden_or_zoo,,Rotting_nut/pod/seed/fruit,"",17.8,20.8,63.4,,,L. Stevens,R. Tanny,2020-02-22,,Fulcrum collection 2020FebruaryAustralia,,,,,
Caenorhabditis elegans,ITS2,ECA2658,,S-13277,,ECA,-37.8274278000024,144.980163,Botanical_garden_or_zoo,,Rotting_nut/pod/seed/fruit,Figs,21.4,26.2,58.9,,,E. Andersen,L. Stevens,2020-02-16,,Fulcrum collection 2020FebruaryAustralia,,,,,
Caenorhabditis elegans,ITS2,ECA2659,,S-13278,,ECA,-37.8274278000024,144.980163,Botanical_garden_or_zoo,,Rotting_nut/pod/seed/fruit,Figs,21.4,26.2,58.9,,,E. Andersen,L. Stevens,2020-02-16,,Fulcrum collection 2020FebruaryAustralia,,,,,
Caenorhabditis elegans,ITS2,ECA2660,,S-13279,,ECA,-37.8274278000024,144.980163,Botanical_garden_or_zoo,,Rotting_nut/pod/seed/fruit,Figs,21.4,26.2,58.9,,,E. Andersen,L. Stevens,2020-02-16,,Fulcrum collection 2020FebruaryAustralia,,,,,
Caenorhabditis briggsae,ITS2,ECA2661,,S-13405,,ECA,-26.6213395,152.692380893505,Forest,,Rotting_nut/pod/seed/fruit,"",26.1,,,,,E. Andersen,C. Buchanan,2020-02-26,,Fulcrum collection 2020FebruaryAustralia,,,,,
Caenorhabditis briggsae,ITS2,ECA2662,,S-13406,,ECA,-26.6213395,152.692380893505,Forest,,Rotting_nut/pod/seed/fruit,"",26.1,,,,,E. Andersen,C. Buchanan,2020-02-26,,Fulcrum collection 2020FebruaryAustralia,,,,,
Caenorhabditis briggsae,ITS2,ECA2663,,S-13408,,ECA,-26.6213395,152.692380893505,Forest,,Rotting_nut/pod/seed/fruit,"",26.1,,,,,E. Andersen,C. Buchanan,2020-02-26,,Fulcrum collection 2020FebruaryAustralia,,,,,
Caenorhabditis briggsae,ITS2,ECA2666,,S-13550,,ECA,-21.1677162302855,148.504728013788,Forest,,Rotting_nut/pod/seed/fruit,"",21.8,,,,,M. Rockman,C. Buchanan,2020-02-23,,Fulcrum collection 2020FebruaryAustralia,,,,,
Caenorhabditis briggsae,ITS2,ECA2667,,S-13661,,ECA,-26.3674111111111,152.585288888889,Forest,,Rotting_nut/pod/seed/fruit,"",,,,,,M. Rockman,C. Buchanan,2020-02-26,,Fulcrum collection 2020FebruaryAustralia,,,,,
Caenorhabditis briggsae,ITS2,ECA2668,,S-13705,,ECA,-26.3674836,152.585245098039,Forest,,Rotting_nut/pod/seed/fruit,"",26.9,,,,,E. Andersen,L. Stinson,2020-02-26,,Fulcrum collection 2020FebruaryAustralia,,,,,
Caenorhabditis briggsae,ITS2,ECA2669,,S-13737,,ECA,-26.3588565,152.6355008,Forest,,Rotting_nut/pod/seed/fruit,"",24.8,,,,,E. Andersen,C. Buchanan,2020-02-26,,Fulcrum collection 2020FebruaryAustralia,,,,,
Caenorhabditis briggsae,ITS2,ECA2670,,S-13738,,ECA,-26.3588565,152.6355008,Forest,,Rotting_nut/pod/seed/fruit,"",24.8,,,,,E. Andersen,C. Buchanan,2020-02-26,,Fulcrum collection 2020FebruaryAustralia,,,,,
Caenorhabditis briggsae,ITS2,ECA2671,,S-13893,,ECA,-26.6297277777778,152.84135,Forest,,Rotting_nut/pod/seed/fruit,"",24.5,,,,,M. Rockman,R. Tanny,2020-02-26,,Fulcrum collection 2020FebruaryAustralia,,,,,
Caenorhabditis elegans,ITS2,ECA2672,,S-12494,,ECA,-37.870154899999,144.9824148,Botanical_garden_or_zoo,,Rotting_nut/pod/seed/fruit,"",19,20.8,64.4,,,L. Stevens,C. Buchanan,2020-02-22,,Fulcrum collection 2020FebruaryAustralia,,,,,
Caenorhabditis elegans,ITS2,ECA2673,,S-12610,,ECA,-37.8700328,144.983856,Botanical_garden_or_zoo,,Rotting_nut/pod/seed/fruit,"",18,22.2,59.5,,,L. Stevens,C. Buchanan,2020-02-22,,Fulcrum collection 2020FebruaryAustralia,,,,,
Caenorhabditis elegans,ITS2,ECA2674,,S-12774,,ECA,-37.8700328,144.983856,Botanical_garden_or_zoo,,Rotting_nut/pod/seed/fruit,"",18,22.2,59.5,,,L. Stevens,C. Buchanan,2020-02-22,,Fulcrum collection 2020FebruaryAustralia,,,,,
Caenorhabditis elegans,ITS2,ECA2675,,S-12783,,ECA,-38.15,144.379166666667,Botanical_garden_or_zoo,,Rotting_flower,"",15.5,18.1,66.8,,,L. Stevens,C. Buchanan,2020-02-20,,Fulcrum collection 2020FebruaryAustralia,,,,,
Caenorhabditis elegans,ITS2,ECA2676,,S-12901,,ECA,-37.8223452,144.973652200002,Botanical_garden_or_zoo,,Vegetal_litter/mix,In tree nook,20,24.2,61.8,,,E. Andersen,C. Buchanan,2020-02-16,,Fulcrum collection 2020FebruaryAustralia,,,,,
Caenorhabditis elegans,18S,QG4003,,S-5162.1,,QG,-26.8747266,151.5804217,Forest,Bunya Mtns,Rotting_nut/pod/seed/fruit,"",21.8,,,,,E. Andersen,C. Buchanan,2020-02-27,,Fulcrum collection 2020FebruaryAustralia,,,,,
Caenorhabditis elegans,test cross,QG4004,,S-5177.1,,QG,-26.8734388888889,151.580686111111,Forest,Bunya Mtns,Rotting_flower,"",21.7,,,,,M. Rockman,C. Buchanan,2020-02-27,,Fulcrum collection 2020FebruaryAustralia,,,,,
Caenorhabditis elegans,18S and test cross,QG4005,,S-5177.2,,QG,-26.8734388888889,151.580686111111,Forest,Bunya Mtns,Rotting_flower,"",21.7,,,,,M. Rockman,C. Buchanan,2020-02-27,,Fulcrum collection 2020FebruaryAustralia,,,,,
Caenorhabditis elegans,test cross,QG4006,,S-5177.3,,QG,-26.8734388888889,151.580686111111,Forest,Bunya Mtns,Rotting_flower,"",21.7,,,,,M. Rockman,C. Buchanan,2020-02-27,,Fulcrum collection 2020FebruaryAustralia,,,,,
Caenorhabditis elegans,18S,QG4007,,S-5177.4,,QG,-26.8734388888889,151.580686111111,Forest,Bunya Mtns,Rotting_flower,"",21.7,,,,,M. Rockman,C. Buchanan,2020-02-27,,Fulcrum collection 2020FebruaryAustralia,,,,,
Caenorhabditis elegans,test cross,QG4008,,S-5177.5,,QG,-26.8734388888889,151.580686111111,Forest,Bunya Mtns,Rotting_flower,"",21.7,,,,,M. Rockman,C. Buchanan,2020-02-27,,Fulcrum collection 2020FebruaryAustralia,,,,,
Caenorhabditis elegans,18S,QG4009,,S-5177.6,,QG,-26.8734388888889,151.580686111111,Forest,Bunya Mtns,Rotting_flower,"",21.7,,,,,M. Rockman,C. Buchanan,2020-02-27,,Fulcrum collection 2020FebruaryAustralia,,,,,
Caenorhabditis elegans,18S and test cross,QG4010,,S-5185.2,,QG,-27.9260361111111,153.192219444444,Forest,Tamborine,Rotting_nut/pod/seed/fruit,"",23.2,,,,,M. Rockman,C. Buchanan,2020-02-28,,Fulcrum collection 2020FebruaryAustralia,,,,,
Caenorhabditis elegans,18S and test cross,QG4011,,S-5185.3,,QG,-27.9260361111111,153.192219444444,Forest,Tamborine,Rotting_nut/pod/seed/fruit,"",23.2,,,,,M. Rockman,C. Buchanan,2020-02-28,,Fulcrum collection 2020FebruaryAustralia,,,,,
Caenorhabditis elegans,18S and test cross,QG4012,,S-5185.4,,QG,-27.9260361111111,153.192219444444,Forest,Tamborine,Rotting_nut/pod/seed/fruit,"",23.2,,,,,M. Rockman,C. Buchanan,2020-02-28,,Fulcrum collection 2020FebruaryAustralia,,,,,
Caenorhabditis elegans,test cross,QG4014,,S-5185.6,,QG,-27.9260361111111,153.192219444444,Forest,Tamborine,Rotting_nut/pod/seed/fruit,"",23.2,,,,,M. Rockman,C. Buchanan,2020-02-28,,Fulcrum collection 2020FebruaryAustralia,,,,,
Caenorhabditis elegans,18S and test cross,QG4015,,S-5186.1,,QG,-27.9239472222222,153.193633333333,Forest,Tamborine,Rotting_nut/pod/seed/fruit,"",22.6,,,,,M. Rockman,C. Buchanan,2020-02-28,,Fulcrum collection 2020FebruaryAustralia,,,,,
Caenorhabditis elegans,18S and test cross,QG4016,,S-5186.2,,QG,-27.9239472222222,153.193633333333,Forest,Tamborine,Rotting_nut/pod/seed/fruit,"",22.6,,,,,M. Rockman,C. Buchanan,2020-02-28,,Fulcrum collection 2020FebruaryAustralia,,,,,
Caenorhabditis elegans,18S and test cross,QG4017,,S-5186.3,,QG,-27.9239472222222,153.193633333333,Forest,Tamborine,Rotting_nut/pod/seed/fruit,"",22.6,,,,,M. Rockman,C. Buchanan,2020-02-28,,Fulcrum collection 2020FebruaryAustralia,,,,,
Caenorhabditis elegans,18S and test cross,QG4018,,S-5186.4,,QG,-27.9239472222222,153.193633333333,Forest,Tamborine,Rotting_nut/pod/seed/fruit,"",22.6,,,,,M. Rockman,C. Buchanan,2020-02-28,,Fulcrum collection 2020FebruaryAustralia,,,,,
Caenorhabditis elegans,18S and test cross,QG4019,,S-5186.5,,QG,-27.9239472222222,153.193633333333,Forest,Tamborine,Rotting_nut/pod/seed/fruit,"",22.6,,,,,M. Rockman,C. Buchanan,2020-02-28,,Fulcrum collection 2020FebruaryAustralia,,,,,
Caenorhabditis elegans,18S,QG4021,,S-5187.2,,QG,-27.9242277777778,153.193816666667,Forest,Tamborine,Rotting_nut/pod/seed/fruit,"",22.6,,,,,M. Rockman,C. Buchanan,2020-02-28,,Fulcrum collection 2020FebruaryAustralia,,,,,
Caenorhabditis briggsae,18S,QG4026,,S-5250.1,,QG,-26.2619305555556,152.829672222222,Forest,Woondum,Rotting_nut/pod/seed/fruit,"",23.6,,,,,M. Rockman,C. Buchanan,2020-02-25,,Fulcrum collection 2020FebruaryAustralia,,,,,
Caenorhabditis briggsae,18S,QG4027,,S-5250.2,,QG,-26.2619305555556,152.829672222222,Forest,Woondum,Rotting_nut/pod/seed/fruit,"",23.6,,,,,M. Rockman,C. Buchanan,2020-02-25,,Fulcrum collection 2020FebruaryAustralia,,,,,
Caenorhabditis briggsae,18S,QG4028,,S-5250.3,,QG,-26.2619305555556,152.829672222222,Forest,Woondum,Rotting_nut/pod/seed/fruit,"",23.6,,,,,M. Rockman,C. Buchanan,2020-02-25,,Fulcrum collection 2020FebruaryAustralia,,,,,
Caenorhabditis briggsae,18S,QG4029,,S-5250.4,,QG,-26.2619305555556,152.829672222222,Forest,Woondum,Rotting_nut/pod/seed/fruit,"",23.6,,,,,M. Rockman,C. Buchanan,2020-02-25,,Fulcrum collection 2020FebruaryAustralia,,,,,
Caenorhabditis briggsae,18S,QG4030,,S-5250.5,,QG,-26.2619305555556,152.829672222222,Forest,Woondum,Rotting_nut/pod/seed/fruit,"",23.6,,,,,M. Rockman,C. Buchanan,2020-02-25,,Fulcrum collection 2020FebruaryAustralia,,,,,
Caenorhabditis briggsae,18S,QG4031,,S-5250.6,,QG,-26.2619305555556,152.829672222222,Forest,Woondum,Rotting_nut/pod/seed/fruit,"",23.6,,,,,M. Rockman,C. Buchanan,2020-02-25,,Fulcrum collection 2020FebruaryAustralia,,,,,
Caenorhabditis briggsae,18S,QG4058,,S-5341.3,,QG,-21.1459649,148.4998851,Forest,Eungella,Rotting_nut/pod/seed/fruit,"",21.5,,,,,E. Andersen,C. Buchanan,2020-02-24,,Fulcrum collection 2020FebruaryAustralia,,,,,
Caenorhabditis briggsae,18S,QG4059,,S-5344.1,,QG,-21.1461744,148.4998921,Forest,Eungella,Rotting_nut/pod/seed/fruit,"",21.5,,,,,E. Andersen,C. Buchanan,2020-02-24,,Fulcrum collection 2020FebruaryAustralia,,,,,
Caenorhabditis briggsae,18S,QG4061,,S-5344.3,,QG,-21.1461744,148.4998921,Forest,Eungella,Rotting_nut/pod/seed/fruit,"",21.5,,,,,E. Andersen,C. Buchanan,2020-02-24,,Fulcrum collection 2020FebruaryAustralia,,,,,
Caenorhabditis briggsae,18S,QG4062,,S-5344.4,,QG,-21.1461744,148.4998921,Forest,Eungella,Rotting_nut/pod/seed/fruit,"",21.5,,,,,E. Andersen,C. Buchanan,2020-02-24,,Fulcrum collection 2020FebruaryAustralia,,,,,
Caenorhabditis briggsae,18S and test cross,QG4063,,S-5344.5,,QG,-21.1461744,148.4998921,Forest,Eungella,Rotting_nut/pod/seed/fruit,"",21.5,,,,,E. Andersen,C. Buchanan,2020-02-24,,Fulcrum collection 2020FebruaryAustralia,,,,,
Caenorhabditis briggsae,18S,QG4064,,S-5345.1,,QG,-21.1453727,148.4997337,Forest,Eungella,Rotting_nut/pod/seed/fruit,"",21.7,,,,,E. Andersen,C. Buchanan,2020-02-24,,Fulcrum collection 2020FebruaryAustralia,,,,,
Caenorhabditis briggsae,18S,QG4065,,S-5345.2,,QG,-21.1453727,148.4997337,Forest,Eungella,Rotting_nut/pod/seed/fruit,"",21.7,,,,,E. Andersen,C. Buchanan,2020-02-24,,Fulcrum collection 2020FebruaryAustralia,,,,,
Caenorhabditis briggsae,18S,QG4067,,S-5345.4,,QG,-21.1453727,148.4997337,Forest,Eungella,Rotting_nut/pod/seed/fruit,"",21.7,,,,,E. Andersen,C. Buchanan,2020-02-24,,Fulcrum collection 2020FebruaryAustralia,,,,,
Caenorhabditis briggsae,18S,QG4068,,S-5345.5,,QG,-21.1453727,148.4997337,Forest,Eungella,Rotting_nut/pod/seed/fruit,"",21.7,,,,,E. Andersen,C. Buchanan,2020-02-24,,Fulcrum collection 2020FebruaryAustralia,,,,,
Caenorhabditis briggsae,18S,QG4069,,S-5345.6,,QG,-21.1453727,148.4997337,Forest,Eungella,Rotting_nut/pod/seed/fruit,"",21.7,,,,,E. Andersen,C. Buchanan,2020-02-24,,Fulcrum collection 2020FebruaryAustralia,,,,,
Caenorhabditis briggsae,18S,QG4070,,S-5346.1,,QG,-21.1176781,148.5160414,Forest,Eungella,Rotting_nut/pod/seed/fruit,"",23.5,,,,,E. Andersen,C. Buchanan,2020-02-24,,Fulcrum collection 2020FebruaryAustralia,,,,,
Caenorhabditis briggsae,test cross,QG4071,,S-5346.2,,QG,-21.1176781,148.5160414,Forest,Eungella,Rotting_nut/pod/seed/fruit,"",23.5,,,,,E. Andersen,C. Buchanan,2020-02-24,,Fulcrum collection 2020FebruaryAustralia,,,,,
Caenorhabditis briggsae,test cross,QG4072,,S-5346.3,,QG,-21.1176781,148.5160414,Forest,Eungella,Rotting_nut/pod/seed/fruit,"",23.5,,,,,E. Andersen,C. Buchanan,2020-02-24,,Fulcrum collection 2020FebruaryAustralia,,,,,
Caenorhabditis briggsae,18S,QG4073,,S-5346.4,,QG,-21.1176781,148.5160414,Forest,Eungella,Rotting_nut/pod/seed/fruit,"",23.5,,,,,E. Andersen,C. Buchanan,2020-02-24,,Fulcrum collection 2020FebruaryAustralia,,,,,
Caenorhabditis briggsae,18S,QG4074,,S-5346.5,,QG,-21.1176781,148.5160414,Forest,Eungella,Rotting_nut/pod/seed/fruit,"",23.5,,,,,E. Andersen,C. Buchanan,2020-02-24,,Fulcrum collection 2020FebruaryAustralia,,,,,
Caenorhabditis briggsae,18S,QG4075,,S-5346.6,,QG,-21.1176781,148.5160414,Forest,Eungella,Rotting_nut/pod/seed/fruit,"",23.5,,,,,E. Andersen,C. Buchanan,2020-02-24,,Fulcrum collection 2020FebruaryAustralia,,,,,
Caenorhabditis elegans,18S and test cross,QG4076,,S-5363.1,,QG,-24.413384700001,151.039345899998,Forest,Kroombit Tops,Rotting_nut/pod/seed/fruit,"",22,,,,,E. Andersen,C. Buchanan,2020-02-25,,Fulcrum collection 2020FebruaryAustralia,,,,,
Caenorhabditis elegans,18S and test cross,QG4077,,S-5363.2,,QG,-24.413384700001,151.039345899998,Forest,Kroombit Tops,Rotting_nut/pod/seed/fruit,"",22,,,,,E. Andersen,C. Buchanan,2020-02-25,,Fulcrum collection 2020FebruaryAustralia,,,,,
Caenorhabditis elegans,18S and test cross,QG4078,,S-5363.3,,QG,-24.413384700001,151.039345899998,Forest,Kroombit Tops,Rotting_nut/pod/seed/fruit,"",22,,,,,E. Andersen,C. Buchanan,2020-02-25,,Fulcrum collection 2020FebruaryAustralia,,,,,
Caenorhabditis elegans,18S,QG4079,,S-5363.5,,QG,-24.413384700001,151.039345899998,Forest,Kroombit Tops,Rotting_nut/pod/seed/fruit,"",22,,,,,E. Andersen,C. Buchanan,2020-02-25,,Fulcrum collection 2020FebruaryAustralia,,,,,
Caenorhabditis elegans,18S,QG4080,,S-5363.6,,QG,-24.413384700001,151.039345899998,Forest,Kroombit Tops,Rotting_nut/pod/seed/fruit,"",22,,,,,E. Andersen,C. Buchanan,2020-02-25,,Fulcrum collection 2020FebruaryAustralia,,,,,
Caenorhabditis briggsae,18S,QG4093,,S-5415.1,,QG,-21.1686222222222,148.508016666667,Forest,Eungella,Fungus,"",22.2,,,,,M. Rockman,C. Buchanan,2020-02-23,,Fulcrum collection 2020FebruaryAustralia,,,,,
Caenorhabditis briggsae,18S,QG4094,,S-5415.2,,QG,-21.1686222222222,148.508016666667,Forest,Eungella,Fungus,"",22.2,,,,,M. Rockman,C. Buchanan,2020-02-23,,Fulcrum collection 2020FebruaryAustralia,,,,,
Caenorhabditis briggsae,18S,QG4095,,S-5415.3,,QG,-21.1686222222222,148.508016666667,Forest,Eungella,Fungus,"",22.2,,,,,M. Rockman,C. Buchanan,2020-02-23,,Fulcrum collection 2020FebruaryAustralia,,,,,
Caenorhabditis briggsae,18S,QG4096,,S-5420.1,,QG,-21.1687944444444,148.506575,Forest,Eungella,Rotting_nut/pod/seed/fruit,"",,,,,,M. Rockman,C. Buchanan,2020-02-23,,Fulcrum collection 2020FebruaryAustralia,,,,,
Caenorhabditis briggsae,18S,QG4097,,S-5420.2,,QG,-21.1687944444444,148.506575,Forest,Eungella,Rotting_nut/pod/seed/fruit,"",,,,,,M. Rockman,C. Buchanan,2020-02-23,,Fulcrum collection 2020FebruaryAustralia,,,,,
Caenorhabditis briggsae,18S,QG4100,,S-5420.5,,QG,-21.1687944444444,148.506575,Forest,Eungella,Rotting_nut/pod/seed/fruit,"",,,,,,M. Rockman,C. Buchanan,2020-02-23,,Fulcrum collection 2020FebruaryAustralia,,,,,
Caenorhabditis elegans,18S and test cross,QG4103,,S-5421.2,,QG,-21.1448888888889,148.498225,Forest,Eungella,Rotting_nut/pod/seed/fruit,"",,,,,,M. Rockman,C. Buchanan,2020-02-24,,Fulcrum collection 2020FebruaryAustralia,,,,,
Caenorhabditis briggsae,18S and test cross,QG4104,,S-5421.3,,QG,-21.1448888888889,148.498225,Forest,Eungella,Rotting_nut/pod/seed/fruit,"",,,,,,M. Rockman,C. Buchanan,2020-02-24,,Fulcrum collection 2020FebruaryAustralia,,,,,
Caenorhabditis briggsae,test cross,QG4114,,S-5425.3,,QG,-21.144475,148.499922222222,Forest,Eungella,Rotting_nut/pod/seed/fruit,"",21.7,,,,,M. Rockman,C. Buchanan,2020-02-24,,Fulcrum collection 2020FebruaryAustralia,,,,,
Caenorhabditis briggsae,18S,QG4115,,S-5425.4,,QG,-21.144475,148.499922222222,Forest,Eungella,Rotting_nut/pod/seed/fruit,"",21.7,,,,,M. Rockman,C. Buchanan,2020-02-24,,Fulcrum collection 2020FebruaryAustralia,,,,,
Caenorhabditis briggsae,test cross,QG4116,,S-5425.5,,QG,-21.144475,148.499922222222,Forest,Eungella,Rotting_nut/pod/seed/fruit,"",21.7,,,,,M. Rockman,C. Buchanan,2020-02-24,,Fulcrum collection 2020FebruaryAustralia,,,,,
Caenorhabditis briggsae,test cross,QG4117,,S-5425.6,,QG,-21.144475,148.499922222222,Forest,Eungella,Rotting_nut/pod/seed/fruit,"",21.7,,,,,M. Rockman,C. Buchanan,2020-02-24,,Fulcrum collection 2020FebruaryAustralia,,,,,
Caenorhabditis briggsae,18S,QG4119,,S-5432.2,,QG,-21.1675722222222,148.504802777778,Forest,Eungella,Rotting_nut/pod/seed/fruit,"",,,,,,M. Rockman,C. Buchanan,2020-02-23,,Fulcrum collection 2020FebruaryAustralia,,,,,
Caenorhabditis briggsae,18S,QG4123,,S-5432.6,,QG,-21.1675722222222,148.504802777778,Forest,Eungella,Rotting_nut/pod/seed/fruit,"",,,,,,M. Rockman,C. Buchanan,2020-02-23,,Fulcrum collection 2020FebruaryAustralia,,,,,
Caenorhabditis briggsae,18S,QG4128,,S-5439.1,,QG,-21.1703472222222,148.508041666667,Forest,Eungella,Rotting_nut/pod/seed/fruit,"",22.3,,,,,M. Rockman,C. Buchanan,2020-02-23,,Fulcrum collection 2020FebruaryAustralia,,,,,
Caenorhabditis briggsae,18S,QG4129,,S-5439.2,,QG,-21.1703472222222,148.508041666667,Forest,Eungella,Rotting_nut/pod/seed/fruit,"",22.3,,,,,M. Rockman,C. Buchanan,2020-02-23,,Fulcrum collection 2020FebruaryAustralia,,,,,
Caenorhabditis briggsae,18S,QG4130,,S-5439.3,,QG,-21.1703472222222,148.508041666667,Forest,Eungella,Rotting_nut/pod/seed/fruit,"",22.3,,,,,M. Rockman,C. Buchanan,2020-02-23,,Fulcrum collection 2020FebruaryAustralia,,,,,
Caenorhabditis briggsae,18S,QG4131,,S-5439.4,,QG,-21.1703472222222,148.508041666667,Forest,Eungella,Rotting_nut/pod/seed/fruit,"",22.3,,,,,M. Rockman,C. Buchanan,2020-02-23,,Fulcrum collection 2020FebruaryAustralia,,,,,
Caenorhabditis briggsae,18S,QG4132,,S-5439.5,,QG,-21.1703472222222,148.508041666667,Forest,Eungella,Rotting_nut/pod/seed/fruit,"",22.3,,,,,M. Rockman,C. Buchanan,2020-02-23,,Fulcrum collection 2020FebruaryAustralia,,,,,
Caenorhabditis briggsae,18S,QG4133,,S-5439.6,,QG,-21.1703472222222,148.508041666667,Forest,Eungella,Rotting_nut/pod/seed/fruit,"",22.3,,,,,M. Rockman,C. Buchanan,2020-02-23,,Fulcrum collection 2020FebruaryAustralia,,,,,
Caenorhabditis elegans,18S and test cross,QG4134,,S-5441.1,,QG,-27.9237322,153.1943154,Forest,Tamborine,Vegetal_litter/mix,"",22.6,,,,,E. Andersen,C. Buchanan,2020-02-28,,Fulcrum collection 2020FebruaryAustralia,,,,,
Caenorhabditis elegans,18S and test cross,QG4135,,S-5441.2,,QG,-27.9237322,153.1943154,Forest,Tamborine,Vegetal_litter/mix,"",22.6,,,,,E. Andersen,C. Buchanan,2020-02-28,,Fulcrum collection 2020FebruaryAustralia,,,,,
Caenorhabditis elegans,18S,QG4137,,S-5442.2,,QG,-27.9245815,153.1934664,Forest,Tamborine,Rotting_nut/pod/seed/fruit,"",22.5,,,,,E. Andersen,C. Buchanan,2020-02-28,,Fulcrum collection 2020FebruaryAustralia,,,,,
Caenorhabditis elegans,18S,QG4138,,S-5442.3,,QG,-27.9245815,153.1934664,Forest,Tamborine,Rotting_nut/pod/seed/fruit,"",22.5,,,,,E. Andersen,C. Buchanan,2020-02-28,,Fulcrum collection 2020FebruaryAustralia,,,,,
Caenorhabditis elegans,18S,QG4139,,S-5442.4,,QG,-27.9245815,153.1934664,Forest,Tamborine,Rotting_nut/pod/seed/fruit,"",22.5,,,,,E. Andersen,C. Buchanan,2020-02-28,,Fulcrum collection 2020FebruaryAustralia,,,,,
Caenorhabditis elegans,test cross,QG4151,,S-5447.3,,QG,-27.9187042,153.2051319,Forest,Tamborine,Rotting_nut/pod/seed/fruit,"",23.2,,,,,E. Andersen,C. Buchanan,2020-02-28,,Fulcrum collection 2020FebruaryAustralia,,,,,
Caenorhabditis elegans,18S and test cross,QG4158,,S-5451.1,,QG,-27.923754,153.193429699998,Forest,Tamborine,Rotting_nut/pod/seed/fruit,"",22,,,,,E. Andersen,C. Buchanan,2020-02-28,,Fulcrum collection 2020FebruaryAustralia,,,,,
Caenorhabditis elegans,18S and test cross,QG4159,,S-5451.2,,QG,-27.923754,153.193429699998,Forest,Tamborine,Rotting_nut/pod/seed/fruit,"",22,,,,,E. Andersen,C. Buchanan,2020-02-28,,Fulcrum collection 2020FebruaryAustralia,,,,,
Caenorhabditis elegans,18S and test cross,QG4160,,S-5451.3,,QG,-27.923754,153.193429699998,Forest,Tamborine,Rotting_nut/pod/seed/fruit,"",22,,,,,E. Andersen,C. Buchanan,2020-02-28,,Fulcrum collection 2020FebruaryAustralia,,,,,
Caenorhabditis elegans,18S and test cross,QG4161,,S-5451.4,,QG,-27.923754,153.193429699998,Forest,Tamborine,Rotting_nut/pod/seed/fruit,"",22,,,,,E. Andersen,C. Buchanan,2020-02-28,,Fulcrum collection 2020FebruaryAustralia,,,,,
Caenorhabditis elegans,test cross,QG4162,,S-5451.5,,QG,-27.923754,153.193429699998,Forest,Tamborine,Rotting_nut/pod/seed/fruit,"",22,,,,,E. Andersen,C. Buchanan,2020-02-28,,Fulcrum collection 2020FebruaryAustralia,,,,,
Caenorhabditis elegans,18S and test cross,QG4163,,S-5451.6,,QG,-27.923754,153.193429699998,Forest,Tamborine,Rotting_nut/pod/seed/fruit,"",22,,,,,E. Andersen,C. Buchanan,2020-02-28,,Fulcrum collection 2020FebruaryAustralia,,,,,
Caenorhabditis elegans,18S,QG4166,,S-5456.2,,QG,-27.9200109000019,153.2052136,Forest,Tamborine,Rotting_nut/pod/seed/fruit,"",22.9,,,,,E. Andersen,C. Buchanan,2020-02-28,,Fulcrum collection 2020FebruaryAustralia,,,,,
Caenorhabditis elegans,18S and test cross,QG4177,,S-5462.1,,QG,-27.9235782999976,153.194166666667,Forest,Tamborine,Rotting_nut/pod/seed/fruit,"",22.9,,,,,E. Andersen,C. Buchanan,2020-02-28,,Fulcrum collection 2020FebruaryAustralia,,,,,
Caenorhabditis elegans,18S,QG4182,,S-5492.2,,QG,-27.9219111111111,153.1929,Forest,Tamborine,Rotting_nut/pod/seed/fruit,"",,,,,,M. Rockman,C. Buchanan,2020-02-28,,Fulcrum collection 2020FebruaryAustralia,,,,,
Caenorhabditis elegans,18S,QG4184,,S-5492.4,,QG,-27.9219111111111,153.1929,Forest,Tamborine,Rotting_nut/pod/seed/fruit,"",,,,,,M. Rockman,C. Buchanan,2020-02-28,,Fulcrum collection 2020FebruaryAustralia,,,,,
Caenorhabditis elegans,18S,QG4185,,S-5492.5,,QG,-27.9219111111111,153.1929,Forest,Tamborine,Rotting_nut/pod/seed/fruit,"",,,,,,M. Rockman,C. Buchanan,2020-02-28,,Fulcrum collection 2020FebruaryAustralia,,,,,
Caenorhabditis elegans,18S,QG4186,,S-5492.6,,QG,-27.9219111111111,153.1929,Forest,Tamborine,Rotting_nut/pod/seed/fruit,"",,,,,,M. Rockman,C. Buchanan,2020-02-28,,Fulcrum collection 2020FebruaryAustralia,,,,,
Caenorhabditis elegans,test cross,QG4193,,S-5498.1,,QG,-27.9288388888889,153.206330555556,Forest,Tamborine,Rotting_nut/pod/seed/fruit,"",,,,,,M. Rockman,C. Buchanan,2020-02-28,,Fulcrum collection 2020FebruaryAustralia,,,,,
Caenorhabditis elegans,test cross,QG4194,,S-5498.2,,QG,-27.9288388888889,153.206330555556,Forest,Tamborine,Rotting_nut/pod/seed/fruit,"",,,,,,M. Rockman,C. Buchanan,2020-02-28,,Fulcrum collection 2020FebruaryAustralia,,,,,
Caenorhabditis briggsae,18S,QG4206,,S-5609.1,,QG,-21.1695006,148.5079426,Forest,Eungella,Rotting_nut/pod/seed/fruit,"",22.3,,,,,E. Andersen,C. Buchanan,2020-02-23,,Fulcrum collection 2020FebruaryAustralia,,,,,
Caenorhabditis briggsae,18S,QG4207,,S-5609.2,,QG,-21.1695006,148.5079426,Forest,Eungella,Rotting_nut/pod/seed/fruit,"",22.3,,,,,E. Andersen,C. Buchanan,2020-02-23,,Fulcrum collection 2020FebruaryAustralia,,,,,
Caenorhabditis briggsae,18S,QG4208,,S-5609.3,,QG,-21.1695006,148.5079426,Forest,Eungella,Rotting_nut/pod/seed/fruit,"",22.3,,,,,E. Andersen,C. Buchanan,2020-02-23,,Fulcrum collection 2020FebruaryAustralia,,,,,
Caenorhabditis briggsae,18S,QG4209,,S-5609.4,,QG,-21.1695006,148.5079426,Forest,Eungella,Rotting_nut/pod/seed/fruit,"",22.3,,,,,E. Andersen,C. Buchanan,2020-02-23,,Fulcrum collection 2020FebruaryAustralia,,,,,
Caenorhabditis briggsae,18S,QG4210,,S-5609.5,,QG,-21.1695006,148.5079426,Forest,Eungella,Rotting_nut/pod/seed/fruit,"",22.3,,,,,E. Andersen,C. Buchanan,2020-02-23,,Fulcrum collection 2020FebruaryAustralia,,,,,
Caenorhabditis briggsae,18S,QG4211,,S-5609.6,,QG,-21.1695006,148.5079426,Forest,Eungella,Rotting_nut/pod/seed/fruit,"",22.3,,,,,E. Andersen,C. Buchanan,2020-02-23,,Fulcrum collection 2020FebruaryAustralia,,,,,
Caenorhabditis briggsae,18S,QG4212,,S-5612.1,,QG,-21.1686322,148.5064053,Forest,Eungella,Rotting_nut/pod/seed/fruit,"",22.1,,,,,E. Andersen,C. Buchanan,2020-02-23,,Fulcrum collection 2020FebruaryAustralia,,,,,
Caenorhabditis briggsae,18S,QG4213,,S-5612.2,,QG,-21.1686322,148.5064053,Forest,Eungella,Rotting_nut/pod/seed/fruit,"",22.1,,,,,E. Andersen,C. Buchanan,2020-02-23,,Fulcrum collection 2020FebruaryAustralia,,,,,
Caenorhabditis briggsae,test cross,QG4214,,S-5615.4,,QG,-21.1448256,148.4984929,Forest,Eungella,Rotting_nut/pod/seed/fruit,"",21.7,,,,,E. Andersen,C. Buchanan,2020-02-24,,Fulcrum collection 2020FebruaryAustralia,,,,,
Caenorhabditis briggsae,18S and test cross,QG4225,,S-5437.2a,,QG,-21.1455944444444,148.499352777778,Forest,Eungella,Rotting_nut/pod/seed/fruit,"",,,,,,M. Rockman,C. Buchanan,2020-02-24,,Fulcrum collection 2020FebruaryAustralia,,,,,
Caenorhabditis elegans,18S and test cross,QG4226,,S-5456.1a,,QG,-27.9200109000019,153.2052136,Forest,Tamborine,Rotting_nut/pod/seed/fruit,"",22.9,,,,,E. Andersen,C. Buchanan,2020-02-28,,Fulcrum collection 2020FebruaryAustralia,,,,,
Caenorhabditis elegans,18S and test cross,QG4228,,S-5468.1a,,QG,-28.213456200002,153.272108299999,Forest,Springbrook,Rotting_nut/pod/seed/fruit,"",21.3,,,,,E. Andersen,C. Buchanan,2020-02-28,,Fulcrum collection 2020FebruaryAustralia,,,,,
Caenorhabditis briggsae,test cross,QG4231,,S-5437.2b,,QG,-21.1455944444444,148.499352777778,Forest,Eungella,Rotting_nut/pod/seed/fruit,"",,,,,,M. Rockman,C. Buchanan,2020-02-24,,Fulcrum collection 2020FebruaryAustralia,,,,,
Caenorhabditis briggsae,test cross,QG4232,,S-5415.5,,QG,-21.1686222222222,148.508016666667,Forest,Eungella,Fungus,"",22.2,,,,,M. Rockman,C. Buchanan,2020-02-23,,Fulcrum collection 2020FebruaryAustralia,,,,,
Caenorhabditis briggsae,test cross,QG4233,,S-5415.6,,QG,-21.1686222222222,148.508016666667,Forest,Eungella,Fungus,"",22.2,,,,,M. Rockman,C. Buchanan,2020-02-23,,Fulcrum collection 2020FebruaryAustralia,,,,,
